{
  "schema_version": 1,
  "split": "public_synthetic",
  "note": "Synthetic ground truth for local testing only. Not used for official leaderboard scoring.",
  "quarters": [
    "2026Q3",
    "2026Q4",
    "2027Q1",
    "2027Q2",
    "2027Q3",
    "2027Q4",
    "2028Q1",
    "2028Q2",
    "2028Q3",
    "2028Q4",
    "2029Q1",
    "2029Q2",
    "2029Q3",
    "2029Q4",
    "2030Q1",
    "2030Q2",
    "2030Q3",
    "2030Q4"
  ],
  "observations": {
    "track_a_metr_task_horizon_hours": [
      28.414089580858995,
      24.10097989434585,
      26.339822915830865,
      26.17715386455612,
      26.130965017201227,
      28.792870149540324,
      29.333053872103168,
      30.56350441360435,
      30.097183756731358,
      30.45905507531233,
      29.774593215522504,
      47.5016430899643,
      58.45313559831631,
      68.58309073776991,
      71.5605379384692,
      83.98931550376408,
      96.49211284561709,
      105.94464867153606
    ],
    "track_b_aggregate_automation": [
      0.112,
      0.124,
      0.136,
      0.14800000000000002,
      0.16000000000000003,
      0.17200000000000004,
      0.18400000000000005,
      0.19600000000000006,
      0.20800000000000007,
      0.22000000000000008,
      0.2320000000000001,
      0.2440000000000001,
      0.2560000000000001,
      0.2680000000000001,
      0.28000000000000014,
      0.29200000000000015,
      0.30400000000000016,
      0.31600000000000017
    ],
    "track_b_unemployment_rate": [
      0.0448,
      0.0496,
      0.054400000000000004,
      0.05920000000000001,
      0.06400000000000002,
      0.06880000000000001,
      0.07360000000000003,
      0.07840000000000003,
      0.08320000000000002,
      0.08800000000000004,
      0.09280000000000005,
      0.09760000000000005,
      0.10240000000000005,
      0.10720000000000005,
      0.11200000000000004,
      0.11680000000000007,
      0.12160000000000007,
      0.12640000000000007
    ],
    "track_c_cumulative_catastrophic": [
      0.0024968776025399153,
      0.004987520807317791,
      0.007471945180861694,
      0.009950166250832115,
      0.01242219950611878,
      0.014888060396937575,
      0.01734776433492713,
      0.01980132669324497,
      0.02224876280666399,
      0.024690087971667718,
      0.02712531744654645,
      0.02955446645149229,
      0.03197755016869441,
      0.03439458374243398,
      0.03680558227917874,
      0.03921056084767738,
      0.044002518166900706,
      0.04877057549928654
    ],
    "track_a3_threshold_crossing_probabilities": {
      "task_horizon_ge_168": [
        0,
        0,
        0,
        0,
        0,
        0,
        0,
        0,
        0,
        0,
        0,
        0,
        0,
        0,
        0,
        0,
        0,
        0
      ],
      "task_horizon_ge_720": [
        0,
        0,
        0,
        0,
        0,
        0,
        0,
        0,
        0,
        0,
        0,
        0,
        0,
        0,
        0,
        0,
        0,
        0
      ],
      "task_horizon_ge_2160": [
        0,
        0,
        0,
        0,
        0,
        0,
        0,
        0,
        0,
        0,
        0,
        0,
        0,
        0,
        0,
        0,
        0,
        0
      ]
    }
  }
}